{"initial":[1.0,0.0,1.0,1.0,0.0,1.0],"finitial":1.886975423627982e6,"ftol_rel":1.0e-12,"ftol_abs":1.0e-8,"xtol_rel":0.0,"xtol_abs":[1.0e-10,1.0e-10,1.0e-10,1.0e-10,1.0e-10,1.0e-10],"initial_step":[0.75,1.0,0.75,0.75,1.0,0.75],"maxfeval":-1,"maxtime":-1.0,"feval":404,"final":[0.39704708925015486,-0.013598614609652096,0.07214098139240126,0.6582463690262114,0.007080343903192494,0.03607552024940354],"fmin":1.6081240520430314e6,"optimizer":"LN_BOBYQA","returnvalue":"FTOL_REACHED","nAGQ":1,"REML":false,"sigma":null,"fitlog":[[[1.0,0.0,1.0,1.0,0.0,1.0],1.886975423627982e6]]}